CBP,ID_new,ID_old,Old_ID,Sequence,Length_calc,Family,Role
CBPα1,MG70,MG43,New,GGHEAAKEAAKEAAKLWKK,19,α,ATCUN-variant GGH
CBPα2,MG31,MG31,MG01,DAHEAAKEAAKEAAKEALWKK,21,α,Baseline ATCUN
CBPα3,MG71,MG40,New,DAHEAAKEAAKEAAKEAAKWKK,22,α,Minimal anchor (no Leu)
CBPα4,MG72,MG39,New,DAHEAAKEAAKEAAKEAAKAWKK,23,α,Less hydrophobic anchor (A-WKK)
CBPα5,MG81,MG50,New,DAHEAAKEAAKEAAKEAAKEAAKEAAKEAAKLWKK,35,α,Baseline long
CBPα6,MG83,MG58,New,GGHEAAKEAAKEAAKEAAKEAAKEAAKEAAKLWKK,35,α,GGH-ATCUN long
CBPβ1,MG74,MG47,New,DAHEAAKEAAKEAAKHAAAHLWKK,24,β,Clamp position test
CBPβ2,MG32,MG32,MG04,DAHEAAKEAAKHAAAHEAAKLWKK,24,β,Champion ATCUN + HxxxH clamp
CBPβ3,MG75,MG37,New,DAHEAAKEAAKHQAAHEAAKLWKK,24,β,Clamp alternative (HQAAH)
CBPβ4,MG76,MG36,New,DAHEAAKEAAKHRAAHEAAKLWKK,24,β,HxxxH clamp polar (HRAAH)
CBPβ5,MG77,MG46,New,DAHEAAKEAAKHAAAHEAAKLYWKK,25,β,Aromatic anchor (LYWKK)
CBPβ6,MG78,MG48,New,DAHEAAKEAAKEAAKHQAAHEAAKWKK,27,β,Double EAAK before clamp
CBPβ7,MG79,MG49,New,DAHEAAKEAAKEAAKHAAAHEAAKAAWKK,29,β,Longer <30 with AAWKK
CBPβ10,MG86,MG53,New,DAHEAAKEAAKEAAKHAAAHEAAKEAAKEAAKAWKK,36,β,Clamp + propagation + anchor A-WKK
CBPβ8,MG84,MG57,New,DAHEAAKEAAKEAAKEAAKHQAAHEAAKEAAKLWKK,36,β,HQAAH long
CBPβ9,MG85,MG52,New,DAHEAAKEAAKEAAKEAAKHRAAHEAAKEAAKLWKK,36,β,Clamp HRAAH in long context
CBPβ11,MG87,MG51,New,DAHEAAKEAAKEAAKEAAKEAAAKHAAAHEAAKLWKK,37,β,Long scaffold + internal clamp
CBPβ12,MG89,MG55,New,DAHEAAKEAAKEAAKEAAKEAAKHAAAHEAAKEAAKWKK,39,β,High stability + clamp + WKK
CBPβ13,MG90,MG61,New,DAHEAAKEAAKEAAKEAAKHAAAHEAAKEAAKEAAKLYWKK,41,β,Robust propagation + anchor LYWKK
CBPγ1,MG33,MG33,MG09(Ac),Ac-EAAKEAAKHAAAHEAAKEAAK,21,γ,"Negative control, ATCUN-dead"
CBPγ2,MG73,MG45,New,Ac-DAHEAAKEAAKHAAAHEAAKLWKK,24,γ,Ac-control of MG35
CBPγ3,MG80,MG59,New,Ac-EAAKEAAKEAAKHAAAHEAAKEAAKEAAKWKK,32,γ,"Ac-control long, clamp-only"
CBPδ1,MG34,MG34,MG03,DAHEEAAKRAAEAAKRAAEAAKRAAWK,27,δ,Interaction comparator
CBPδ2,MG82,MG54,New,DAHEEAAKRAAEEAAKRAAEEAAKRAAEEAAKWKK,35,δ,Charged long controllable
CBPδ3,MG88,MG64,New,DAHEEAAKRAAEEAAKRAAEEAAKRAAEEAAKRAAWKK,38,δ,Charged long upper bound
